UF;Municipio;CEP
PR;CURITIBA;81670130
RS;NOVO HAMBURGO;93548460
SP;SAO PAULO;02335010
SP;CAMPINAS;13097158
SP;MARILIA;17511790
SP;LIMEIRA;13480081
SP;GUARARAPES;16700000
MG;BELO HORIZONTE;30140170
RJ;RIO DE JANEIRO;20520050
SC;NOSSA SENHORA DE CARAVAGGIO;88868000
RJ;MACAE;27913570
MG;POCOS DE CALDAS;37701390
SP;SAO CARLOS;13561394
SC;IOMERE;89558000
SP;PIRACICABA;13418555
ES;MUCURICI;29880000
SP;MAUA;09371317
RJ;ARARUAMA;28970000
SP;BEBEDOURO;14706136
SP;CATANDUVA;15800110
SP;BERTIOGA;11256065
CE;FORTALEZA;60710590
MG;CONTAGEM;32210480
PR;GOIOERE;87360000
SP;SAO JOSE DO RIO PRETO;15060000
SC;LONTRAS;89182000
MG;MONTES CLAROS;39401266
PR;LONDRINA;86058100
MG;PARACATU;38600212
MG;UBERLANDIA;38400506
BA;PAULO AFONSO;48605169
SP;GUARUJA;11420000
MG;BRUMADINHO;35460000
SP;HORTOLANDIA;13186534
MG;JOAO PINHEIRO;38770000
AL;MACEIO;57035180
SP;ELISIARIO;15823000
ES;COLATINA;29703137
SP;PEDERNEIRAS;17280000
MG;VARGINHA;37031414
MT;CUIABA;78050090
BA;LAURO DE FREITAS;42701350
PR;ANTONIO OLINTO;83980000
DF;BRASILIA;70350713
BA;PORTO SEGURO;45810000
SP;SANTO ANTONIO DE POSSE;13832012
SP;VINHEDO;13287600
MG;CACHOEIRA DO CAMPO;35410000
BA;VALENCA;45400000
SP;JAGUARIUNA;13820000
MT;TANGARA DA SERRA;78300000
GO;CHAPADAO DO CEU;75828000
SC;SAO BENTO DO SUL;89280181
PI;TERESINA;64048152
SC;JOINVILLE;89202205
GO;GOIANESIA;76380022
RJ;CAMPOS DOS GOYTACAZES;28020830
MG;ITAUNA;35680368
SP;SANTA BARBARA D'OESTE;13456500
SP;SAO CAETANO DO SUL;09521320
SP;SUZANAPOLIS;15380000
BA;ALAGOINHAS;48050060
SP;SAO SEBASTIAO;11621600
ES;SERRA;29164050
SC;BOM RETIRO;88680000
ES;ARACRUZ;29194578
RS;SANTA ROSA;98780056
BA;ITABUNA;45605515
SP;MOGI-GUACU;13840001
PR;MARINGA;87050110
PR;ASTORGA;86730000
ES;VILA VELHA;29101300
SP;LOUVEIRA;13290000
SP;JUNDIAI;13212448
MT;PONTAL DO ARAGUAIA;78698000
MG;BETIM;32678455
MS;CAMPO GRANDE;79091114
BA;CRUZ DAS ALMAS;44380000
SP;OLIMPIA;15400000
MG;JUATUBA;35675000
SP;CUBATAO;11515140
RJ;CABO FRIO;28911250
MG;EWBANK DA CAMARA;36108000
SP;GUARULHOS;07192000
SC;ITAPIRANGA;89896000
PR;CAMBE;86187025
PR;QUATIGUA;86450000
SC;JARAGUA DO SUL;89255423
GO;GOIANIA;74140100
RJ;CARAPEBUS;27998000
BA;SALVADOR;40265010
MG;VICOSA;36572030
SP;SANTO ANDRE;09290450
SP;SAO JOSE DOS CAMPOS;12246021
PB;JOAO PESSOA;58032110
MG;GOVERNADOR VALADARES;35051640
SP;BAURU;17012631
BA;SAO GABRIEL;44915000
MG;NOVA LIMA;34008053
RS;SANTA CRUZ DO SUL;96835642
SC;BRUSQUE;88352502
SC;BRACO DO NORTE;88750000
SC;BLUMENAU;89045338
SP;BARUERI;06454080
SC;FLORIANOPOLIS;88015650
SC;MARAVILHA;89874000
MG;SAO JOAO DEL REI;36301166
MG;TRES PONTAS;37190000
RJ;SAO PEDRO DA ALDEIA;28948117
SP;SANTANA DE PARNAIBA;06502001
SP;BOTUCATU;18608224
MG;PEDRA AZUL;39970000
ES;ITARANA;29620000
SP;SOROCABA;18030185
RJ;MARICA;24914345
SP;BOM JESUS DOS PERDOES;12955000
SP;BARRA BONITA;17340000
PR;PATO BRANCO;85504440
SC;TIMBO;89120000
RS;NOVA PADUA;95275000
SP;GUARATINGUETA;12513300
RJ;PETROPOLIS;25655374
SP;LENCOIS PAULISTA;18682580
MG;IPATINGA;35162299
RJ;NITEROI;24120191
SP;RIO CLARO;13500510
SP;TABOAO DA SERRA;06786020
GO;NIQUELANDIA;76420000
RS;RIO PARDO;96640000
SE;NEOPOLIS;49980000
SP;RIBEIRAO BONITO;13580000
SP;RAFARD;13370000
MG;SETE LAGOAS;35700068
MT;RONDONOPOLIS;78731608
RJ;PORCIUNCULA;28390000
RJ;NOVA FRIBURGO;28614410
MG;ESPERA FELIZ;36830000
SP;SANTOS;11045301
SP;BARRETOS;14784011
RS;PORTO ALEGRE;90150050
SC;CONCORDIA;89700204
BA;CANUDOS;48520000
RS;GLORINHA;94380000
MS;PARANAIBA;79500000
BA;FATIMA;48415000
SP;PRAIA GRANDE;11719060
SP;CAMPO LIMPO PAULISTA;13234697
SP;IBATE;14815000
SC;CRICIUMA;88816500
RS;TAQUARA;95600068
SP;LARANJAL PAULISTA;18500000
MG;JUIZ DE FORA;36015420
ES;NOVA VENECIA;29830000
SP;RIBEIRAO PRETO;14085100
SP;ITAPIRAPUA PAULISTA;18385000
RJ;VOLTA REDONDA;27263190
MG;SALINAS;39560000
SP;ARARAQUARA;14801562
RJ;SAO VICENTE DE PAULA;28980000
SP;UBATUBA;11680000
SP;VALPARAISO;16880000
SC;IPUACU;89832000
MG;AMPARO DA SERRA;35444000
PE;RECIFE;51021070
PR;JAGUAPITA;86610000
SP;BROTAS;17380000
GO;ANAPOLIS;75110740
SP;MOGI-MIRIM;13806566
MG;JOAO MONLEVADE;35930044
RS;TUPANDI;95775000
PR;PAICANDU;87140000
SP;JAU;17210181
SP;PIRAPOZINHO;19200000
RJ;SAO GONCALO;24411142
GO;VICENTINOPOLIS;75555000
MG;TIMOTEO;35182352
RJ;MAGE;25925678
BA;ITUBERA;45435000
RS;ANTONIO PRADO;95250000
SP;SUMARE;13170021
MG;MONTE CARMELO;38500000
ES;CARIACICA;29143325
RJ;PARATI;23970000
SP;BOCAINA;17240000
ES;SAO JOSE DO CALCADO;29470000
CE;EUSEBIO;61760000
SP;LORENA;12605260
MG;MUTUM;36955000
SP;ITU;13304050
MG;ALEM PARAIBA;36660000
RS;CANOAS;92020510
MG;MANHUACU;36900000
SC;RIO DO OESTE;89180000
RS;IJUI;98700000
SP;AMERICANA;13467630
SP;PRESIDENTE PRUDENTE;19061368
PE;CHA GRANDE;55636000
ES;VITORIA;29090570
BA;SANTALUZ;48880000
GO;RIO VERDE;75909035
PE;PALMARES;55540000
SP;PAULINIA;13140614
BA;ILHEUS;45654510
SP;VALINHOS;13271510
GO;PIRES DO RIO;75200000
GO;MONTIVIDIU;75915000
RS;CACHOEIRINHA;94960425
MS;CORUMBA;79302090
MS;TRES LAGOAS;79604100
SP;MOGI DAS CRUZES;08717320
SP;SALTO;13321330
MA;IMPERATRIZ;65900630
MG;MINAS NOVAS;39650000
RS;HORIZONTINA;98920000
RJ;DUQUE DE CAXIAS;25213173
RS;ERECHIM;99704170
RJ;RESENDE;27536000
SP;INDAIATUBA;13348634
MG;NOVA SERRANA;35519000
SP;SANTA CRUZ DAS PALMEIRAS;13650000
PR;APUCARANA;86800450
RS;JAGUARAO;96300000
PR;CASCAVEL;85808460
SP;ITATIBA;13255130
RJ;TERESOPOLIS;25980230
SC;PALHOCA;88132147
ES;GUACUI;29560000
BA;VITORIA DA CONQUISTA;45020260
ES;CACHOEIRO DE ITAPEMIRIM;29316258
MG;DOM BOSCO;38654000
SP;PRESIDENTE VENCESLAU;19400000
MG;LAGOA DA PRATA;35590000
SP;LINS;16400400
SP;SILVEIRAS;12690000
MG;BARBACENA;36200720
SP;SALTO DE PIRAPORA;18160000
RJ;RIO DAS OSTRAS;28895672
RS;PELOTAS;96080707
BA;BONINAL;46740000
TO;ARAGUAINA;77803080
MG;NOVA RESENDE;37860000
RS;CACHOEIRA DO SUL;96508001
SP;NOVA ODESSA;13387692
PR;IRATI;84500000
BA;CAETITE;46400000
MG;SAO SEBASTIAO DO PARAISO;37950000
SP;ASSIS;19813000
MT;LUCAS DO RIO VERDE;78455000
SP;VOTUPORANGA;15505070
PR;JACAREZINHO;86400000
RS;PASSO FUNDO;99010590
MG;SAO FRANCISCO DE PAULA;35543000
MG;MARIANA;35420000
SP;ATIBAIA;12951140
RJ;NOVA IGUACU;26031110
ES;SANTA MARIA DE JETIBA;29645000
MG;LAVRAS;37200000
PR;FAXINAL;86840000
SP;CAPIVARI;13360000
SP;BURI;18290000
PR;ARAPONGAS;86700010
SC;BALNEARIO CAMBORIU;88330484
SP;REGISTRO;11900000
MG;MONTE VERDE;37653000
MG;ELOI MENDES;37110000
RS;LAJEADO;95900700
PR;MANDAGUARI;86975000
MG;TEOFILO OTONI;39803142
SP;ARARAS;13601412
MG;CARMO DO PARANAIBA;38840000
SC;BARRA VELHA;88390000
SC;INDAIAL;89081275
SP;SOCORRO;13960000
PR;PINHAIS;83324010
RS;BENTO GONCALVES;95705348
RS;CARAZINHO;99500000
MG;GUAXUPE;37800000
RJ;BARRA MANSA;27310020
SP;TAUBATE;12031620
ES;LINHARES;29906240
MG;POUSO ALEGRE;37557591
RJ;MENDES;26700000
SC;NOVA ERECHIM;89865000
SP;MONGAGUA;11730000
SP;OSASCO;06236020
SP;ITAPEVA;18408190
MG;TURMALINA;39660000
RJ;ANGRA DOS REIS;23930500
SP;CABREUVA;13315000
SP;CARAPICUIBA;06335140
MG;CAREACU;37582000
MG;RIO PIRACICABA;35940000
BA;ITAMARAJU;45836000
PE;IPOJUCA;55590000
SC;MORRO DA FUMACA;88830000
SC;CHAPECO;89814690
SE;ARACAJU;49015070
SC;TREZE TILIAS;89650000
SP;SUZANO;08663080
RS;SAO JOAO DA URTIGA;99855000
SP;ARACARIGUAMA;18147000
SP;TIETE;18530000
RN;APODI;59700000
MG;SANTA LUZIA;33030020
BA;CANDEIAS;43805200
SP;SANTO ANASTACIO;19360000
MT;GUARANTA DO NORTE;78520000
MG;CAMPOS ALTOS;38970000
RN;TIBAU DO SUL;59178000
RJ;SAO JOAO DE MERITI;25585560
RN;SAO MIGUEL;59920000
SP;SAO BERNARDO DO CAMPO;09781150
SC;ABELARDO LUZ;89830000
PB;CABEDELO;58101650
MS;DOURADOS;79801004
RJ;MESQUITA;26580111
RS;CAXIAS DO SUL;95059790
SP;CONCHAL;13835000
MA;MAIOBA;65137000
RS;MORRO REUTER;93990000
ES;GUARAPARI;29222260
SP;TATUI;18279400
SP;PORTO FELIZ;18540000
MS;CHAPADAO DO SUL;79560000
SP;CARAGUATATUBA;11675570
MT;ARAPUTANGA;78260000
MG;VESPASIANO;33200000
SP;GUAIRA;14790000
SP;JACAREI;12321020
RJ;TRES RIOS;25805025
RJ;BARRA DO PIRAI;27123120
GO;BURITI ALEGRE;75660000
RS;CRUZEIRO DO SUL;95930000
PR;TOLEDO;85903265
MG;ARAGUARI;38440238
PR;PORECATU;86160000
MG;MATOZINHOS;35720000
MG;PEDRINOPOLIS;38178000
RS;FAXINAL DO SOTURNO;97220000
SP;BALSAMO;15140000
SP;CAMPOS DO JORDAO;12460000
MG;PITANGUI;35650000
SC;ARARANGUA;88906072
PR;LIDIANOPOLIS;86865000
GO;ITUMBIARA;75503130
RJ;SAO JOSE DO VALE DO RIO PRETO;25780000
PR;SAO JOSE DOS PINHAIS;83035150
PB;CAJAZEIRAS;58900000
SC;BALNEARIO BARRA DO SUL;89247000
;;
MG;MURIAE;36884028
SC;MONTE CASTELO;89380000
MA;SAO LUIS;65043020
BA;REMANSO;47200000
PE;IGARASSU;53625365
MG;ITABIRA;35901079
SP;ICEM;15460000
MG;DIVINOPOLIS;35500006
SP;ARACATUBA;16015460
PR;RIO NEGRO;83880000
GO;CATALAO;75701010
BA;BARREIRAS;47800970
ES;ALEGRE;29500000
PR;SAO JOAO;85570000
RJ;PARACAMBI;26600000
RS;SERTAO SANTANA;92850000
SP;PEDREIRA;13920000
BA;URUCUCA;45680000
PB;CAMPINA GRANDE;58400042
SP;RIO GRANDE DA SERRA;09450000
SP;ITAPETININGA;18213200
SP;DIADEMA;09950450
SP;FRANCO DA ROCHA;07845170
RJ;ITAPERUNA;28300000
SP;SAO JOAO DA BOA VISTA;13874125
SP;AREIOPOLIS;18670000
SC;VIDEIRA;89567244
RJ;SILVA JARDIM;28820000
PR;QUITANDINHA;83840000
PA;BELEM;66055280
MG;ITABIRITO;35450000
SP;COTIA;06706225
SP;JALES;15708074
BA;JUAZEIRO;48902804
MT;CAMPINAPOLIS;78630000
SC;PICARRAS;88380000
PR;CAMPO LARGO;83630240
SC;ITAJAI;88307310
SP;SAO VICENTE;11380090
RJ;QUEIMADOS;26373320
MG;SANTANA DO PARAISO;35179000
GO;CARMO DO RIO VERDE;76340000
PE;PETROLINA;56320800
SP;FERRAZ DE VASCONCELOS;08541300
RS;SANTO ANGELO;98803304
MG;UNAI;38610019
CE;IBIAPINA;62360000
SP;ILHA SOLTEIRA;15385000
MG;UBERABA;38064750
RS;VICTOR GRAEFF;99350000
MT;CHAPADA DOS GUIMARAES;78195000
SC;TROMBUDO CENTRAL;89176000
SC;CACADOR;89500350
RS;ENCANTADO;95960000
SC;;89900000
MG;PATOS DE MINAS;38703484
SC;XANXERE;89820000
MG;TRES CORACOES;37411052
RJ;ITATIAIA;27580000
SP;CORDEIROPOLIS;13490000
RS;SAO MARCOS;95190000
PR;AMPERE;85640000
SP;EMBU;06807320
BA;FEIRA DE SANTANA;44085132
SP;VARGEM GRANDE DO SUL;13880000
MG;BOTELHOS;37720000
BA;IRECE;44900000
MG;AGUANIL;37273000
PR;PONTA GROSSA;84015340
RS;VACARIA;95200000
RS;FREDERICO WESTPHALEN;98400000
PE;GRAVATA;55645000
SP;SANTA FE DO SUL;15775000
SP;COLOMBIA;14795000
SC;ITAPEMA;88220000
MG;IBIRITE;32420040
RJ;JAPERI;26443130
RJ;ARMACAO DE BUZIOS;28950000
PR;BITURUNA;84640000
SE;LAGARTO;49400000
MG;PONTE NOVA;35430217
PB;CATOLE DO ROCHA;58884000
SP;ITAPEVI;06663095
SP;PIQUETE;12620000
MG;CAMPO BELO;37270000
RN;MOSSORO;59600230
RS;SANANDUVA;99840000
BA;CAMACARI;42827450
MG;MIRADOURO;36893000
MG;CONSELHEIRO LAFAIETE;36401270
MG;CARANGOLA;36800000
PA;REDENCAO;68552220
SC;SAO JOSE;88107350
PR;ICARAIMA;87530000
SP;FRANCA;14403194
RS;PANAMBI;98280000
PR;CIANORTE;87200161
SP;PERUIBE;11750000
DF;LAGO SUL;71680357
MG;PIRANGA;36480000
SC;ABDON BATISTA;89636000
PR;NOVA ESPERANCA;87600000
SP;VOTORANTIM;18117390
SP;IBITINGA;14940000
SP;SANTA RITA DO PASSA QUATRO;13670000
SP;TAMBAU;13710000
RO;ROLIM DE MOURA;76940000
MG;ITAJUBA;37505032
RS;NOVA PRATA;95320000
PR;PARANAVAI;87705190
RS;FARROUPILHA;95178408
SP;POMPEIA;17580000
SP;ORLANDIA;14620000
ES;MUNIZ FREIRE;29380000
RN;NATAL;59054550
MG;DIAMANTINA;39100000
MG;MIRABELA;39373000
RS;CANELA;95680000
GO;QUIRINOPOLIS;75860000
PR;GUARAPUAVA;85010100
SC;LUZERNA;89609000
SC;SANTO AMARO DA IMPERATRIZ;88140000
MG;LUZ;35595000
SP;GUARIBA;14840000
RS;VIAMAO;94410000
MG;RIO POMBA;36180000
SP;AGUAS DA PRATA;13890000
AL;MARECHAL DEODORO;57160000
SP;SAO ROQUE;18133200
SP;TARUMA;19820000
MT;JACIARA;78820000
SP;BOITUVA;18550000
MG;JEQUERI;35390000
RS;GRAMADO;95670000
SP;AMPARO;13904535
SP;BATATAIS;14300039
PE;OLINDA;53130410
RJ;RIO BONITO;28800000
SP;MOCOCA;13736210
BA;NOVO TRIUNFO;48455000
RS;CARLOS BARBOSA;95185000
MG;GUARARA;36606000
MT;SINOP;78550200
RS;RIO GRANDE;96203000
MG;ALFENAS;37135014
MT;CAMPO VERDE;78840000
MS;SIDROLANDIA;79170000
SP;PIRAJU;18800000
RS;HERVAL;96310000
SP;DOURADO;13590000
SP;ANDRADINA;16901050
SP;MATAO;15991580
PI;IPIRANGA DO PIAUI;64540000
SC;CAMPOS NOVOS;89620000
SC;LAGES;88523000
RS;SANTA BARBARA DO SUL;98240000
PR;GRACIOSA;87722000
RS;CANGUCU;96600000
MG;CASSIA;37980000
SP;CERQUILHO;18520000
SP;TAGUAI;18890000
SP;GARCA;17400000
RS;ARROIO DOS RATOS;96740000
SP;QUELUZ;12800000
BA;PIRITIBA;44830000
SP;VARZEA PAULISTA;13225530
SP;PIRATININGA;17498038
SP;RANCHARIA;19600000
SP;CAJAMAR;07791010
MG;CURVELO;35790000
RS;DOIS IRMAOS;93950000
MG;CATAGUASES;36770034
MG;CARMOPOLIS DE MINAS;35534000
GO;SANTA HELENA DE GOIAS;75920000
MG;ERVALIA;36555000
SP;CAIEIRAS;07714120
PR;UMUARAMA;87508260
PA;ANANINDEUA;67013710
SP;PINDAMONHANGABA;12403010
SP;BIRIGUI;16200145
PR;FOZ DO IGUACU;85867633
RS;VERANOPOLIS;95330000
SP;BENTO DE ABREU;16790000
PA;ALTAMIRA;68372567
CE;UBAUNA;62168000
MG;BAMBUI;38900000
ES;CASTELO;29360000
BA;RIBEIRA DO POMBAL;48400000
SP;BRAGANCA PAULISTA;12917052
MG;PRADOS;36320000
MG;PERDOES;37260000
SE;CAMPO DO BRITO;49520000
AL;SANTANA DO IPANEMA;57500000
SP;GUAPIACU;15110000
SC;MAFRA;89300052
SP;PORTO FERREIRA;13661118
SP;URANIA;15760000
SE;BARRA DOS COQUEIROS;49140000
SP;PENAPOLIS;16300017
MG;CARATINGA;35300047
SP;ARACOIABA DA SERRA;18190000
PR;PARANAGUA;83221060
SP;AGUAS DE LINDOIA;13940000
RS;DOM PEDRITO;96450000
PR;PALMAS;85555000
RS;TAQUARI;95860000
MG;PATROCINIO;38747076
MS;BONITO;79290000
SC;XAXIM;89825000
RS;SAPUCAIA DO SUL;93210000
RS;ARROIO DO MEIO;95940000
PR;SERTANOPOLIS;86170000
RS;TAPEJARA;99950000
SP;MONTE ALTO;15910000
RS;SANTA MARIA;97015274
PR;PALMEIRA;84130000
SP;RIO DAS PEDRAS;13390000
SC;POMERODE;89107000
SP;MIGUELOPOLIS;14530000
RS;CAPAO DA CANOA;95555000
SP;NHANDEARA;15190000
PR;MARMELEIRO;85615000
PR;SANTA TEREZINHA DE ITAIPU;85875000
SC;MARACAJA;88915000
CE;HORIZONTE;62880231
PR;TELEMACO BORBA;84264190
MA;SANTA INES;65300222
RJ;BARRA DE SAO JOAO;28880000
SP;TUPA;17600380
BA;CARINHANHA;46445000
SP;ILHABELA;11630000
SC;GASPAR;89114854
SP;ITARARE;18460000
SP;TANABI;15170000
SP;ADAMANTINA;17800000
BA;SENHOR DO BONFIM;48970000
SC;FRAIBURGO;89580000
MS;MARACAJU;79150000
SP;JABOTICABAL;14890330
SP;BRODOWSKI;14340000
SC;SAO JOSE DO CEDRO;89930000
CE;JUAZEIRO DO NORTE;63040300
SP;ITAQUAQUECETUBA;08584500
RS;SAO LEOPOLDO;93050070
MG;CAMPESTRE;37730000
MG;ALPINOPOLIS;37940000
SP;SAO JOAO DAS DUAS PONTES;15640000
SP;AVARE;18703030
RS;SAO JOSE DO OURO;99870000
BA;JAGUAQUARA;45345000
SP;FERNANDOPOLIS;15607050
GO;LUZIANIA;72855042
ES;PAULISTA;29815000
RS;GRAVATAI;94170312
RJ;SAQUAREMA;28994868
SP;CAPAO BONITO;18300492
SP;MAIRIPORA;07600000
GO;MINEIROS;75830299
PR;PIRAI DO SUL;84240000
MG;LAGOA SANTA;33400000
RJ;SEROPEDICA;23898006
SP;IRAPURU;17880000
SP;JOSE BONIFACIO;15200000
MS;CASSILANDIA;79540000
SP;AREALVA;17160000
RS;SANTANA DO LIVRAMENTO;97573249
RS;CERRO LARGO;97900000
MG;RIBEIRAO DAS NEVES;33930330
SC;TIJUCAS;88200000
MG;LAGOA GRANDE;38755000
MG;SAO GERALDO;36530000
MG;PASSOS;37901044
PR;FRANCISCO BELTRAO;85601389
MG;JANUARIA;39480000
PR;PINHAO;85170000
MG;IBIRACI;37990000
AL;PORTO DE PEDRAS;57945000
SC;GUABIRUBA;88360000
BA;SAO FELIPE;44550000
PR;MARECHAL CANDIDO RONDON;85960000
BA;NOVA SOURE;48460000
SP;ARUJA;07428190
MG;SAO LOURENCO;37470000
SP;SANTA CRUZ DO RIO PARDO;18900000
RS;NOVA ARACA;95350000
RS;SARANDI;99560000
SP;ITOBI;13715000
GO;JATAI;75806280
PR;CASTRO;84165120
SP;SAO JOAQUIM DA BARRA;14600000
MG;BORDA DA MATA;37564000
SP;IACANGA;17180000
SP;PANORAMA;17980000
MT;JUINA;78320000
BA;IGRAPIUNA;45443000
BA;SANTO ANTONIO DE JESUS;44571350
MG;SAO GONCALO DO RIO ABAIXO;35935000
SC;IBIRAMA;89140000
MT;NOVA MUTUM;78450000
MG;TAIOBEIRAS;39550000
AL;ARAPIRACA;57313130
MG;MATA VERDE;39915000
SP;ITAPECERICA DA SERRA;06850315
PR;BANDEIRANTES;86360000
MG;ARAXA;38183002
BA;TUCANO;48790000
SC;IMARUI;88770000
SP;LUCELIA;17780000
MG;PIUMHI;37925000
MG;JANAUBA;39445239
SP;JANDIRA;06618010
SC;TUBARAO;88704050
SP;SAO JOSE DO RIO PARDO;13720000
BA;GUANAMBI;46430000
MG;PARA DE MINAS;35661359
MG;OLIVEIRA;35540000
SP;BASTOS;17690000
MG;CAMBUQUIRA;37420000
SP;TREMEMBE;12120000
MG;OURO BRANCO;36420000
PE;JABOATAO DOS GUARARAPES;54013044
SC;PORTO UNIAO;89400000
RS;PAROBE;95630000
SC;CURITIBANOS;89520000
MG;CAETE;34800000
SC;PINHEIRO PRETO;89570000
MG;LAMBARI;37480000
RJ;PIRAI;27175000
SP;IBIUNA;18150000
PR;PITANGA;85200000
SP;OURINHOS;19905275
MG;CAPITOLIO;37930000
RS;ITAARA;97185000
SP;MONTE MOR;13190000
RJ;AREAL;25845000
PR;CORONEL VIVIDA;85550000
RS;NOVA SANTA RITA;92480000
MS;RIO VERDE DE MATO GROSSO;79480000
SP;BOFETE;18590000
PR;SAO MIGUEL DO IGUACU;85877000
RS;IGREJINHA;95650000
MG;BARROSO;36212000
PR;ROLANDIA;86600127
SP;GETULINA;16450000
RS;CAMPO BOM;93700000
SP;LEME;13613413
SC;GUARAMIRIM;89270000
SP;SANTO ANTONIO DO JARDIM;13995000
RS;ALVORADA;94810700
MG;INIMUTABA;39243000
SC;TRES BARRAS;89490000
PR;TUPASSI;85945000
SP;HOLAMBRA;13825000
RS;FORTALEZA DOS VALOS;98125000
MG;PARAISOPOLIS;37660000
PR;IVAIPORA;86870000
SP;DRACENA;17900000
RS;SAO PEDRO DO SUL;97400000
SP;MIRANDOPOLIS;16800000
MG;MALACACHETA;39690000
RJ;JAMAPARA;25887000
SP;UCHOA;15890000
RS;GETULIO VARGAS;99900000
SC;SAO FRANCISCO DO SUL;89240000
RS;BAGE;96400600
BA;EUNAPOLIS;45820120
SC;GAROPABA;88495000
CE;TRAIRI;62690000
RS;TRAMANDAI;95590000
SP;AMERICO BRASILIENSE;14820000
RS;FELIZ;95770000
MG;SANTA BARBARA;35960000
ES;BRACO DO RIO;29967000
MG;PEDRO LEOPOLDO;33600000
SC;CANOINHAS;89460000
SP;FLORIDA PAULISTA;17830000
PB;PATOS;58700370
SP;TUPI PAULISTA;17930000
PR;CORNELIO PROCOPIO;86300000
SP;ITANHAEM;11740000
MG;SANTANA DA VARGEM;37195000
SC;DOUTOR PEDRINHO;89126000
SC;SAO BENTO BAIXO;88867000
RS;TORRES;95560000
MG;ITUIUTABA;38304193
MG;ITAMARANDIBA;39670000
MS;BATAGUASSU;79780000
RJ;CACHOEIRAS DE MACACU;28680000
SP;CRUZEIRO;12712030
BA;PARIPIRANGA;48430000
SE;ITABAIANA;49509188
SP;ITAPIRA;13974345
PE;PARNAMIRIM;56163000
MG;ANDRADAS;37795000
RS;SAO BORJA;97670000
SP;JARDINOPOLIS;14680000
PR;BORRAZOPOLIS;86925000
PR;RONDON;87800000
RS;SANTA VITORIA DO PALMAR;96230000
SP;IPERO;18560000
MG;VISCONDE DO RIO BRANCO;36520000
RS;TRES DE MAIO;98910000
RS;URUGUAIANA;97501760
SP;CASTILHO;16920000
MG;RIO CASCA;35370000
ES;VIANA;29135088
SP;NOVA LUZITANIA;15340000
SP;SERTAOZINHO;14169188
PR;ARAUCARIA;83705010
CE;CRUZ;62595000
PB;BAYEUX;58306330
SP;PILAR DO SUL;18185000
SC;SOMBRIO;88960000
SP;CACAPAVA;12280070
SP;BARIRI;17250000
RS;PORTO MAUA;98947000
SP;SERRANA;14150000
PR;DOIS VIZINHOS;85660000
RJ;ITABORAI;24855256
RJ;VARRE-SAI;28375000
SC;SAO LUDGERO;88730000
RS;GARIBALDI;95720000
MG;ILICINEA;37175000
MT;SORRISO;78890000
SP;PIRANGI;15820000
PR;REALEZA;85770000
PR;CRUZEIRO DO OESTE;87400000
PB;PILOES;58393000
MG;FORMIGA;35570000
MG;LIBERDADE;37350000
ES;AFONSO CLAUDIO;29600000
ES;MARATAIZES;29345000
ES;BARRA DE SAO FRANCISCO;29800000
SC;JOACABA;89600000
SC;SCHROEDER;89275000
MG;INHAPIM;35330000
SP;TAQUARITINGA;15900000
SP;PARDINHO;18640000
MG;BOM DESPACHO;35600000
RN;CURRAIS NOVOS;59380000
SP;JACI;15155000
GO;CRIXAS;76510000
SP;PIRAPORA DO BOM JESUS;06550000
MG;AREADO;37140000
MG;SAO DOMINGOS DO PRATA;35995000
RS;ESTACAO;99930000
RS;NAO-ME-TOQUE;99470000
RS;MOSTARDAS;96270000
SP;FARTURA;18870000
ES;DOMINGOS MARTINS;29260000
PR;SAO JORGE DO IVAI;87190000
MG;MATIAS BARBOSA;36120000
BA;TREMEDAL;45170000
SP;PIRASSUNUNGA;13632466
MT;PRIMAVERA DO LESTE;78850000
SP;GAVIAO PEIXOTO;14813000
SP;NOVA ALIANCA;15210000
GO;APARECIDA DE GOIANIA;74905790
SE;NOSSA SENHORA DO SOCORRO;49160000
RS;MARAU;99150000
RS;SAO SEPE;97340000
PR;SAO JORGE DO PATROCINIO;87555000
SP;SAO PEDRO;13520000
GO;CALDAS NOVAS;75690000
SP;SANTA ROSA DE VITERBO;14270000
SC;SAO MIGUEL D'OESTE;89900000
PR;COLOMBO;83408030
MG;VARZEA DA PALMA;39260000
SP;CARDEAL;13355000
RJ;BOM JESUS DO ITABAPOANA;28360000
GO;GOIANAPOLIS;75170000
RS;BARRA DO RIBEIRO;96790000
SP;AGUAI;13860000
GO;FORMOSA;73805170
SP;PITANGUEIRAS;14750000
RJ;APERIBE;28495000
SP;FRANCISCO MORATO;07911030
GO;CERES;76300000
MG;SANTA MARIA DE ITABIRA;35910000
MG;JOAIMA;39890000
RN;SAO GONCALO DO AMARANTE;59291225
RJ;NILOPOLIS;26535338
MG;SANTA RITA DE CALDAS;37775000
PR;MARIALVA;86990000
MG;FELICIO DOS SANTOS;39180000
BA;LENCOIS;46960000
SC;GOVERNADOR CELSO RAMOS;88190000
SP;ESPIRITO SANTO DO PINHAL;13990000
SP;ITUPEVA;13295000
BA;MIGUEL CALMON;44720000
PR;FORMOSA DO OESTE;85830000
SP;POTIRENDABA;15105000
MG;CONGONHAL;37584000
CE;CRATO;63100045
RS;ROCA SALES;95735000
BA;CAMAMU;45445000
PR;MATINHOS;83260000
MG;BARAO DE COCAIS;35970000
RJ;BELFORD ROXO;26130010
MG;UBA;36500970
SC;SAO JOAO DO OESTE;89897000
MG;POMPEU;35640000
SC;BELMONTE;89925000
SP;GUARACAI;16980000
ES;ITAPEMIRIM;29330000
SC;LAGUNA;88790000
MG;ARAUJOS;35603000
SC;SAO LOURENCO DO OESTE;89990000
SP;CUNHA;12530000
RS;SAPIRANGA;93800016
SP;CANANEIA;11990000
MG;ANDRELANDIA;37300000
PR;PALOTINA;85950000
MG;GUANHAES;39740000
SP;IPEUNA;13537000
RS;PINHEIRO MACHADO;96470000
MT;CAMPO NOVO DO PARECIS;78360000
RS;VALE REAL;95778000
BA;CICERO DANTAS;48410000
PB;CUITE;58175000
AC;RIO BRANCO;69908896
PR;SAO MARTINHO;86609000
AC;BOCA DO ACRE;69850000
MG;MACHADO;37750000
SP;PRADOPOLIS;14850000
SP;ANHEMBI;18620000
RS;SAO JOSE DO NORTE;96225000
SP;ESTIVA GERBI;13857000
RS;ALEGRETE;97541501
SP;SANTA MERCEDES;17940000
MT;ITAUBA;78510000
BA;RETIROLANDIA;48750000
RN;GALINHOS;59596000
SP;SALESOPOLIS;08970000
SP;SERRA AZUL;14230000
ES;SAO MATEUS;29930050
MG;SAO JOAQUIM DE BICAS;32920000
SP;IGARAI;13750000
PR;BELA VISTA DO PARAISO;86130000
SP;IGARAPAVA;14540000
SP;AGUAS DE SAO PEDRO;13525000
MG;ALTEROSA;37145000
SP;CESARIO LANGE;18285901
SC;RIQUEZA;89895000
SC;MONDAI;89893000
SP;MARISTELA;18510000
BA;JACOBINA;44700000
PR;PIEN;83860000
;;
MA;RAPOSA;65138000
PE;JUCATI;55398000
SP;JAMBEIRO;12270000
RJ;CANTAGALO;28500000
PE;IPUBI;56260000
BA;DIAS D AVILA;42850000
CE;ACARAU;62580000
ES;ANCHIETA;29230000
SP;CONCHAS;18570000
SP;MIRACATU;11850000
DF;SAMAMBAIA;72305011
SP;REGENTE FEIJO;19570000
BA;JUSSIAPE;46670000
GO;MIMOSO DE GOIAS;73730000
PR;PINHALAO;84925000
RJ;VASSOURAS;27700000
CE;JATI;63275000
MG;CAPINOPOLIS;38360000
SC;BIGUACU;88160284
MG;CONQUISTA;38195000
MG;ARACUAI;39600000
SP;COSMOPOLIS;13150528
MS;IVINHEMA;79740000
SP;REGINOPOLIS;17190000
SP;ITAPOLIS;14900000
SP;IGUAPE;11920000
PR;ASSIS CHATEAUBRIAND;85935000
MA;ACAILANDIA;65930000
SP;VIRADOURO;14740000
PR;SANTA ISABEL DO IVAI;87910000
MG;CONGONHAS;36415000
DF;CEILANDIA;72233006
SP;ITAI;18730000
SC;CORONEL FREITAS;89840000
MG;BANDEIRA DO SUL;37740000
SP;MAIRINQUE;18120000
PB;SOUSA;58802110
BA;CAMPO FORMOSO;44790000
RS;TEUTONIA;95890000
MG;EXTREMA;37640000
MG;SAO PEDRO DA UNIAO;37855000
GO;MORRINHOS;75650000
RJ;MANGARATIBA;23860000
RJ;PARAIBA DO SUL;25850000
BA;IBOTIRAMA;47520000
SP;TORRINHA;17360000
PR;CONTENDA;83730000
RS;NOVO MACHADO;98955000
MG;SENHORA DOS REMEDIOS;36275000
CE;CAUCAIA;61601313
PR;SANTANA;84623000
BA;COARACI;45638000
SP;PROMISSAO;16370000
BA;TEIXEIRA DE FREITAS;45993165
SP;SERRA NEGRA;13930000
RS;ESPUMOSO;99400000
SP;CRAVINHOS;14140000
RN;MACAIBA;59280000
SC;PONTE SERRADA;89683000
PR;JATAIZINHO;86210000
CE;ARACATI;62800000
SP;IRACEMAPOLIS;13495000
PR;TRES BARRAS DO PARANA;85485000
SP;POA;08562500
MG;SANTA HELENA DE MINAS;39874000
PR;MARILUZ;87470000
SP;AGUDOS;17120000
ES;PANCAS;29750000
SP;CASA BRANCA;13700000
SP;ALVARES MACHADO;19160000
ES;BAIXO GUANDU;29730000
MG;SANTOS DUMONT;36240000
ES;MARECHAL FLORIANO;29255000
RO;ALTA FLORESTA DO OESTE;76954000
RS;SAO LOURENCO DO SUL;96170000
SP;RIBEIRAO PIRES;09401170
SC;ITAIOPOLIS;89340000
MG;SABARA;34700000
RS;ENTRE-IJUIS;98855000
MG;RODEIRO;36510000
MG;CORONEL FABRICIANO;35170133
PR;SABAUDIA;86720000
SP;VARGEM GRANDE PAULISTA;06730000
SP;JACARE;13318000
PR;ANDIRA;86380000
SC;LAURO MULLER;88880000
SC;RIO DO SUL;89160240
RS;NOVA HARTZ;93890000
PE;LIMOEIRO;55700000
SP;GASTAO VIDIGAL;15330000
MS;RIO BRILHANTE;79130000
RS;CATUIPE;98770000
SP;PACAEMBU;17860000
SP;HOLAMBRA II;18725000
MG;FORTUNA DE MINAS;35760000
MG;NEPOMUCENO;37250000
MG;CARANDAI;36280000
RO;PORTO VELHO;76807898
ES;IBIRACU;29670000
MG;OURO FINO;37570000
SC;CELSO RAMOS;88598000
SP;SABINO;16440000
MG;SAO FRANCISCO;39300000
RS;IMBE;95625000
MG;VARJAO DE MINAS;38794000
MG;PIRAPORA;39270000
PR;LAPA;83750000
PR;PRUDENTOPOLIS;84400000
ES;SAO GABRIEL DA PALHA;29780000
SC;LEBON REGIS;89515000
SP;CHARQUEADA;13515000
PR;ARAPUA;86884000
ES;MONTANHA;29890000
MG;ESPINOSA;39510000
PR;CAMPO MOURAO;87300005
PR;MANDAGUACU;87160000
SP;VARGEM;12935000
SC;IPORA DO OESTE;89899000
RS;NOVA PETROPOLIS;95150000
ES;CONCEICAO DA BARRA;29960000
MG;ENTRE RIOS DE MINAS;35490000
SP;MIRASSOL;15133354
SP;MORUNGABA;13260000
RS;CHARQUEADAS;96745000
BA;SANTO ESTEVAO;44190000
RS;MARCELINO RAMOS;99800000
RS;MONTENEGRO;95780000
RJ;ITAGUAI;23820270
SP;AGUAS DE SANTA BARBARA;18770000
RS;PORTAO;93180000
MG;IGARAPE;32900000
SP;ITAPORANGA;18480000
RS;SANTIAGO;97700000
RJ;CARMO;28640000
SP;APARECIDA;12570000
SC;CAPINZAL;89665000
MG;SAO VICENTE DE MINAS;37370000
MG;POCO FUNDO;37757000
SP;DESCALVADO;13690000
PR;QUATRO PONTES;85940000
RS;TRES PASSOS;98600000
PR;ASSAI;86220000
MG;CAMANDUCAIA;37650000
CE;RUSSAS;62900000
SP;ESTRELA D'OESTE;15650000
RS;PALMEIRA DAS MISSOES;98300000
MG;POUSO ALTO;37468000
BA;NOVA REDENCAO;46835000
MG;PAULA CANDIDO;36544000
MG;GUARANI;36160000
MG;TEIXEIRAS;36580000
SC;RIO FORTUNA;88760000
MG;BOA ESPERANCA;37170000
MG;MONTE SIAO;37580000
MT;JUARA;78575000
SC;GARUVA;89248000
RS;BARAO DO TRIUNFO;96735000
RS;SAO LUIZ GONZAGA;97800000
SC;COCAL DO SUL;88845000
SP;ARTUR NOGUEIRA;13160000
MG;CACHOEIRA DE PAJEU;39980000
RS;ESTANCIA VELHA;93610000
SC;BOTUVERA;88295000
PR;CAPITAO LEONIDAS MARQUES;85790000
MS;TAQUARUSSU;79765000
BA;RIACHAO DO JACUIPE;44640000
MG;MUZAMBINHO;37890000
RS;VERA CRUZ;96880000
SC;PALMA SOLA;89985000
BA;BOM JESUS DA LAPA;47600000
RS;FLORES DA CUNHA;95270000
MG;CARRANCAS;37245000
MS;FATIMA DO SUL;79700000
MT;VARZEA GRANDE;78140340
PE;CARUARU;55024370
SP;JOANOPOLIS;12980000
PR;FIGUEIRA;84285000
ES;PONTO BELO;29885000
SP;ALTINOPOLIS;14350000
PR;CANDOI;85140000
CE;PARACURU;62680000
PI;SIMOES;64585000
RS;SOBRADINHO;96900000
MG;DATAS;39130000
PI;PAULISTANA;64750000
SP;PALMITAL;19970000
PR;NAVIRAI;79950000
CE;QUIXADA;63908805
SC;BALNEARIO ARROIO DO SILVA;88914000
PB;SANTA RITA;58302390
MS;MUNDO NOVO;79980000
MG;PRATA;38140000
BA;VALENTE;48890000
RS;PALMITINHO;98430000
BA;DIVISA ALEGRE;39995000
SP;SAO SEBASTIAO DA GRAMA;13790000
SP;PIEDADE;18170000
PR;RIO AZUL;84560000
SP;PIRACAIA;12970000
PR;SANTO ANTONIO DA PLATINA;86430000
MG;GUAPE;37177000
PR;IMBITUVA;84430000
MG;IBIA;38950000
RS;CIRIACO;99970000
PR;ANTONINA;83370000
CE;SABOEIRO;63590000
SC;OTACILIO COSTA;88540000
PR;TOMAZINA;84935000
PR;LOANDA;87900000
SP;PARIQUERA-ACU;11930000
PE;TABIRA;56780000
MG;ITAPECERICA;35550000
RJ;ARRAIAL DO CABO;28930000
SP;PINHALZINHO;12995000
RJ;PINHEIRAL;27197000
SC;NAVEGANTES;88370354
RS;ROQUE GONZALES;97970000
DF;GAMA;72445020
SP;SANTA ADELIA;15950000
RS;IPE;95240000
MG;PECANHA;39700000
RS;MINAS DO LEAO;96755000
PR;PORTO CAMARGO;87532000
SP;CERQUEIRA CESAR;18760000
RJ;IGUABA GRANDE;28960000
MG;DELTA;38108000
SP;AVANHANDAVA;16360000
RN;UPANEMA;59670000
BA;ITABELA;45848000
RS;PORTO XAVIER;98995000
MG;ARCOS;35588000
SC;FORMOSA DO SUL;89859000
PR;CIDADE GAUCHA;87820000
MG;ALTO JEQUITIBA;36976000
RS;ARATIBA;99770000
BA;RIO REAL;48330000
PA;ABAETETUBA;68440000
RJ;PAPUCAIA;28695000
ES;JAGUARE;29950000
MG;ITATIAIUCU;35685000
SP;BONFIM PAULISTA;14110000
RJ;CONCEICAO DE MACABU;28740000
AL;FEIRA GRANDE;57340000
SP;DIVINOLANDIA;13780000
PR;NOVA PRATA DO IGUACU;85685000
PI;MONTE ALEGRE DO PIAUI;64940000
SP;PINDORAMA;15830000
PI;DEMERVAL LOBAO;64390000
SC;RIO NEGRINHO;89295000
PR;GUARAUNA;84534000
SP;GUAREI;18250000
ES;IUNA;29390000
MT;COLIDER;78500000
SP;CAJATI;11950000
SP;DUARTINA;17470000
SP;CANDIDO MOTA;19880000
MT;ARENAPOLIS;78420000
MG;CORACAO DE JESUS;39340000
SP;RIOLANDIA;15495000
SP;JOAQUIM EGIDIO;13108024
RS;BOM JESUS;95290000
PR;GENERAL CARNEIRO;84660000
SP;PIRAJUI;16600000
MG;UBAPORANGA;35338000
PR;SIQUEIRA CAMPOS;84940000
SC;PORTO BELO;88210000
RS;ITAQUI;97650000
RS;SAO SEBASTIAO DO CAI;95760000
MS;GLORIA DE DOURADOS;79730000
SC;JACINTO MACHADO;88950000
BA;MACAUBAS;46500000
MG;SAO JOSE DO ACACIO;35133000
MG;OURO PRETO;35400000
RS;ANTA GORDA;95980000
RJ;CONCEICAO DE JACAREI;23885000
MA;LIMA CAMPOS;65728000
PA;CAPANEMA;68701060
BA;MUCUGE;46750000
PB;COELHO NETO;65620000
SP;BRAUNA;16290000
BA;JEQUIE;45211352
SP;MONTE APRAZIVEL;15150000
PE;SAO JOSE DO BELMONTE;56950000
PE;SAO BENTO DO UNA;55370000
BA;MAIRI;44630000
PR;NOVA ESPERANCA DO SUDOESTE;85635000
RS;ROLANTE;95690000
PI;SANTO ANTONIO DE LISBOA;64640000
SP;BARRINHA;14860000
SC;CAMBORIU;88343433
PR;PIRAQUARA;83301049
ES;FUNDAO;29185000
PR;CHOPINZINHO;85560000
BA;SEABRA;46900000
PR;ALTO PARANA;87750000
PE;CUSTODIA;56640000
PE;CAMARAGIBE;54762076
PB;VARZEA NOVA;58304500
SC;SANTA CECILIA;89540000
MG;MONTALVANIA;39495000
RS;SERTAO;99170000
SC;JAGUARUNA;88715000
SP;MONTE ALEGRE DO SUL;13820000
SC;TAIO;89190000
SC;BOMBINHAS;88215000
SC;WITMARSUM;89157000
SC;AGUA DOCE;89654000
MG;DIVINOLANDIA DE MINAS;39735000
RS;TRES CACHOEIRAS;95580000
SP;ITIRAPUA;14420000
SP;CACONDE;13770000
AL;FLEXEIRAS;57995000
MG;RIO NOVO;36150000
BA;XIQUE-XIQUE;47400000
BA;BAIANOPOLIS;47830000
BA;MARAGOGIPE;44420000
MG;SANTA EFIGENIA DE MINAS;39725000
PE;SANTA CRUZ DO CAPIBARIBE;55194315
SC;ITUPORANGA;88400000
GO;ALOANDIA;75615000
SP;ALAMBARI;18220000
MG;SERICITA;35368000
MG;PEQUI;35667000
BA;IBICARAI;45745000
RS;ARROIO DO SAL;95585000
PR;ALMIRANTE TAMANDARE;83506000
MG;CAXAMBU;37440000
RJ;SAO FRANCISCO DE ITABAPOANA;28230000
SP;JABORANDI;14775000
SP;SUD MENNUCCI;15360000
PR;CERRO AZUL;83570000
SP;SANTA ISABEL;07500000
GO;CAVALCANTE;73790000
MG;PARAGUACU;37120000
SP;PARAGUACU PAULISTA;19700000
ES;VENDA NOVA DO IMIGRANTE;29375000
MG;SANTO ANTONIO DOS CAMPOS;35505000
MG;CATUJI;39816000
RJ;SAO JOAO DA BARRA;28200000
MG;ALFREDO VASCONCELOS;36272000
SP;MARABA PAULISTA;19430000
SP;CLEMENTINA;16250000
MG;CHAPADA DO NORTE;39648000
PR;DOUTOR CAMARGO;87155000
MG;BRUMADO;46100000
MG;MONTE ALEGRE DE MINAS;38475000
MG;PADRE PARAISO;39818000
RS;SALTO DO JACUI;99440000
ES;ARACE;29278000
GO;GOIATUBA;75600000
PR;CALIFORNIA;86820000
RS;CAMPOS BORGES;99435000
MG;SAO GOTARDO;38800000
PE;TORITAMA;55125000
MS;RIBAS DO RIO PARDO;79180000
MT;VERA;78880000
MG;SAO JOAO DO PARAISO;39540000
SP;ALUMINIO;18125000
SP;MARTINOPOLIS;19500000
SC;POUSO REDONDO;89172000
BA;BARRA DA ESTIVA;46650000
RS;ARROIO GRANDE;96330000
SC;PAULO LOPES;88490000
MG;FRUTAL;38200000
SC;ICARA;88820000
SP;SAO LOURENCO DA SERRA;06890000
RS;AGUDO;96540000
SP;SEBASTIANOPOLIS DO SUL;15180000
MG;VIRGOLANDIA;39715000
GO;PLANALTINA;73751020
SP;JARINU;13240000
SP;TEODORO SAMPAIO;19280000
MG;TRES MARIAS;39205000
SP;SAO BENTO DO SAPUCAI;12490000
PR;JAGUARIAIVA;84200000
RS;SALVADOR DAS MISSOES;97940000
RS;TENENTE PORTELA;98500000
MA;SAO JOSE DE RIBAMAR;65110000
MT;SAO FELIX DO ARAGUAIA;78670000
PR;MEDIANEIRA;85884000
RS;CAMAQUA;96180000
MG;CAPELINHA;39680000
AL;RIO LARGO;57100000
MG;GALILEIA;35250000
SP;IBITIARA;46700000
SP;EMBU-GUACU;06900000
MT;BARRA DO BUGRES;78390000
MG;IBITIURA DE MINAS;37790000
SP;EMBAUBA;15425000
RS;BARRA FUNDA;99585000
GO;JUSSARA;76270000
RS;ELDORADO DO SUL;92990000
BA;PLANALTO;45190000
SP;SAO JOAO DO PAU D'ALHO;17970000
SP;OSVALDO CRUZ;17700000
SP;RIBEIRAO BRANCO;18430000
RS;IBIRUBA;98200000
SC;NOVA TRENTO;88270000
PE;TUPANATINGA;56540000
AM;MANAUS;69079210
MG;SAO JOSE DA SAFIRA;39785000
MT;AGUA BOA;78635000
GO;MINACU;76450000
RJ;CASIMIRO DE ABREU;28860000
PE;TACAIMBO;55140000
RJ;CORDEIRO;28540000
RJ;MIRACEMA;28460000
CE;CANINDE;62700000
RS;IVOTI;93900000
BA;CORACAO DE MARIA;44250000
RJ;BARAO DE JUPARANA;27640000
GO;SAO LUIS DE MONTES BELOS;76100000
SC;MERCEDES;85998000
SC;URUSSANGA;88840000
MT;ALTA FLORESTA;78580000
RR;SAO LUIZ;69370000
MG;JORDANIA;39920000
SP;MORRO AGUDO;14640000
MG;PAPAGAIOS;35669000
MG;LAJINHA;36980000
SC;HERVAL D'OESTE;89610000
PR;BOM SUCESSO DO SUL;85515000
SP;TUIUTI;12930000
SP;VALENTIM GENTIL;15520000
PR;COXIM;79400000
PE;MORENO;54800000
MA;BALSAS;65800000
SP;BOREBI;18675000
RS;FORMIGUEIRO;97210000
PI;ITAINOPOLIS;64565000
MT;QUERENCIA;78643000
CE;CRATEUS;63700000
MG;SANTA CRUZ DE MINAS;36328000
BA;CASTRO ALVES;44500000
SC;QUILOMBO;89850000
PR;JOAQUIM TAVORA;86455000
RS;ESTRELA;95880000
SP;FLOREAL;15320000
PR;COSTA MARQUES;76937000
SP;DOIS CORREGOS;17300000
SP;GENERAL SALGADO;15300000
AL;CACIMBINHAS;57570000
RS;TUPARENDI;98940000
RS;GAURAMA;99830000
MG;TUPACIGUARA;38480000
SP;TARABAI;19210000
RS;SERAFINA CORREA;99250000
MG;LEOPOLDINA;36700000
PR;PARAISO DO NORTE;87780000
PA;MARABA;68501120
SP;QUATA;19780000
SP;PORANGABA;18260000
PR;ARARUNA;87260000
MG;PRATAPOLIS;37970000
CE;MAURITI;63210000
SP;SANTA GERTRUDES;13510000
BA;MUCURI;45930000
PR;NOVA FATIMA;86310000
PR;SANTA MARIANA;86350000
MG;SAO JOSE DA LAPA;33350000
MG;SANTA RITA DO SAPUCAI;37540000
ES;APIACA;29450000
RJ;NOSSA SENHORA DA APARECIDA;25886000
PE;BODOCO;56220000
PE;BREJAO;55325000
BA;ITAPETINGA;45700000
RR;BOA VISTA;69313440
SP;GUARAREMA;08900000
SC;VIDAL RAMOS;88443000
PE;SALGUEIRO;56000000
SC;SEARA;89770000
RJ;RETIRO DO MURIAE;28330000
MG;FRONTEIRA;38230000
MG;JURUAIA;37805000
CE;AQUIRAZ;61700000
MG;TUMIRITINGA;35125000
SP;SALES OLIVEIRA;14660000
SC;PARAISO;89906000
RO;JI-PARANA;76901009
GO;MOSSAMEDES;76150000
CE;ICO;63430000
ES;JERONIMO MONTEIRO;29550000
RS;GUAPORE;99200000
PR;JABOTI;84930000
RS;CARAA;95515000
RJ;PATY DO ALFERES;26950000
MG;MARIA DA FE;37517000
PR;GUAPIRAMA;86465000
SC;CAMPO ERE;89980000
RS;AGUAS CLARAS;94760000
RN;SERRA DE SAO BENTO;59214000
SP;ITUVERAVA;14500000
SP;PEREIRAS;18580000
MA;BREJO;65520000
PR;CARAMBEI;84145000
SP;IEPE;19640000
RS;MONTAURI;99255000
SC;TREZE DE MAIO;88710000
RJ;SANTO ANTONIO DE PADUA;28470000
GO;RIO QUENTE;75695000
MG;IPOEMA;35905000
SP;CANDIDO RODRIGUES;15930000
SC;ITA;89760000
SE;JAPARATUBA;49960000
PR;IPORA;87560000
MG;DIVINESIA;36546000
CE;IRACEMA;62980000
RS;SAO FRANCISCO DE ASSIS;97610000
MG;CAMBUI;37600000
RS;CHUI;96255000
MT;BARRA DO GARCAS;78600000
MG;SAO JOSE DO ALEGRE;37510000
MG;PASSA TEMPO;35537000
SP;NOVO HORIZONTE;14960000
PR;QUEDAS DO IGUACU;85460000
RS;PAVERAMA;95865000
MG;JACUTINGA;37590000
MG;INGAI;37215000
MG;BOM JARDIM DE MINAS;37310000
CE;SOBRAL;62030100
SC;AGUAS MORNAS;88150000
RJ;VARGEM ALEGRE;27155000
SP;JUNQUEIROPOLIS;17890000
GO;ITARUMA;75810000
MG;ITUTINGA;36390000
SC;TURVO;88930000
MG;PARAOPEBA;35774000
MG;JEQUITINHONHA;39960000
SP;PRESIDENTE EPITACIO;19470000
BA;ITACARE;45530000
SP;GALIA;17450000
SP;ELIAS FAUSTO;13350000
PI;ALAGOINHA DO PIAUI;64655000
MG;POCRANE;36960000
RS;LAGOA VERMELHA;95300000
ES;JOAO NEIVA;29680000
SP;ITANHANDU;37464000
SC;SAO JOAO BATISTA;88240000
MG;ITANHOMI;35120000
RJ;GUAPIMIRIM;25948500
MG;BRASILANDIA DE MINAS;38779000
SC;BANDEIRANTE;89905000
MG;SAO MIGUEL DO ANTA;36590000
MG;TOCANTINS;36512000
RS;XANGRI-LA;95588000
MA;PEDREIRAS;65725000
TO;PARAISO DO TOCANTINS;77600000
PA;CASTANHAL;68745310
ES;RIO BANANAL;29920000
PR;SAO MATEUS DO SUL;83900000
MG;URUCUIA;39315000
RS;OSORIO;95520000
MG;SAO JOAO NEPOMUCENO;36680000
PR;ARAPOTI;84990000
RS;BUTIA;96750000
MG;CACHOEIRA DE MINAS;37545000
SP;ITARIRI;11760000
BA;ENTRE RIOS;48180000
CE;CAMOCIM;62400000
MA;ITINGA DO MARANHAO;65939000
SC;SIDEROPOLIS;88886000
MG;CARMO DA MATA;35547000
BA;CANAVIEIRAS;45860000
PE;SURUBIM;55750000
RS;CORONEL BARROS;98735000
MG;LARANJAL;36760000
SP;BURITAMA;15290000
MG;PRATINHA;38960000
SP;RINCAO;14830000
RS;PARECI NOVO;95783000
SC;CORUPA;89278000
SP;IGARACU DO TIETE;17350000
MG;CARAI;39810000
RS;SANTO AUGUSTO;98590000
MA;BACABAL;65700000
SP;PEREIRA BARRETO;15370000
MG;CRUZILIA;37445000
CE;BREJO SANTO;63260000
BA;MACAJUBA;46805000
MG;PEDRO TEIXEIRA;36148000
PA;GOIANESIA DO PARA;68639000
PI;CRISTINO CASTRO;64920000
PI;GUADALUPE;64840000
BA;TAPEROA;45430000
RO;CACOAL;76964122
MG;NANUQUE;39860000
PR;SANTA HELENA;85892000
MG;JESUANIA;37485000
MG;FLORESTAL;35690000
PR;CORBELIA;85420000
MG;PATIS;39378000
BA;ITABERABA;46880000
MG;CUPARAQUE;35246000
SP;FRUTAL DO CAMPO;19885000
PR;LARANJEIRAS DO SUL;85304320
MG;PAINS;35582000
PR;CAFEZAL DO SUL;87565000
BA;PILAO ARCADO;47240000
ES;MUQUI;29480000
MG;CONCEICAO DA APARECIDA;37148000
SP;ENGENHEIRO COELHO;13165000
PR;DOURADINA;87485000
TO;SILVANOPOLIS;77580000
SP;ANGATUBA;18240000
RJ;ARROZAL;27185000
SP;MURUTINGA DO SUL;16950000
MG;ITACARAMBI;39470000
SP;QUINTANA;17670000
PR;SAO JOAO DO TRIUNFO;84150000
MG;GUARDA-MOR;38570000
PR;MAMBORE;87340000
SP;CANDIA;14185000
SP;JUQUIA;11800000
SP;MONTE AZUL PAULISTA;14730000
SP;SAPUCAI-MIRIM;37690000
RO;NOVA MAMORE;76857000
MG;SAO GONCALO DO PARA;35544000
SP;ESTRELA DO NORTE;19230000
RS;VALE VERDE;95833000
RS;DOIS LAJEADOS;99220000
RJ;QUATIS;27420280
MG;CARVALHOPOLIS;37760000
MG;ITAOBIM;39625000
MG;PERDIGAO;35545000
MT;SAO JOSE DO RIO CLARO;78435000
MG;JOANESIA;35194000
GO;PARAUNA;75980000
MG;JEQUITAI;39370000
RS;PINHAL;98345000
BA;MUNIZ FERREIRA;44575000
CE;BEBERIBE;62840000
SP;CACHOEIRA PAULISTA;12630000
PI;SAO GONCALO DO PIAUI;64435000
RS;TRINDADE DO SUL;99615000
RS;ESTEIO;93260141
PR;ITAMBARACA;86375000
MG;TIRADENTES;36325000
SP;GLICERIO;16270000
PR;FAZENDA RIO GRANDE;83820001
PB;REMIGIO;58398000
MG;SANTO ANTONIO DO JACINTO;39935000
RN;GROSSOS;59675000
SC;ILHOTA;88320000
GO;GOIANIRA;75370000
GO;CASTELANDIA;75925000
SC;SAO JOAQUIM;88600000
ES;ECOPORANGA;29859000
SC;PENHA;88385000
RJ;NATIVIDADE;28380000
RJ;VILA MURIQUI;23870000
RS;VENANCIO AIRES;95800000
PR;CENTENARIO DO SUL;86630000
RS;CAMPINA DAS MISSOES;98975000
SC;SANTA ROSA DO SUL;88965000
BA;SAO DOMINGOS;48895000
PR;IBAITI;84900000
PR;CEU AZUL;85840000
SP;INDIANA;19560000
BA;POCOES;45260000
BA;CENTRAL;44940000
MG;ITURAMA;38280000
AP;MACAPA;68903419
CE;CARIUS;63530000
PR;TERRA BOA;87240000
MG;CLAUDIO;35530000
SP;SANTO ANTONIO DO PINHAL;12450000
RS;HULHA NEGRA;96460000
PR;GUARATUBA;83280000
PE;TIMBAUBA;55870000
PE;BETANIA;56670000
MG;ITAU DE MINAS;37975000
GO;VALPARAISO DE GOIAS;72876420
RS;LINDOLFO COLLOR;93940000
ES;MARILANDIA;29725000
PA;SAO FELIX DO XINGU;68380000
PR;CAMBARA;86390000
GO;PALMEIRAS DE GOIAS;76190000
RS;VILA MARIA;99155000
CE;IGUATU;63504212
SC;GUARACIABA;89920000
RO;JARU;76890000
SC;IMBITUBA;88780000
SC;GRAVATAL;88735000
MG;RIO PARANAIBA;38810000
RS;REDENTORA;98550000
MG;BELA VISTA DE MINAS;35938000
GO;URUACU;76400000
MG;BUENOPOLIS;39230000
SP;SANTO EXPEDITO;19190000
RO;PIMENTA BUENO;76970000
SC;PASSOS MAIA;89687000
MG;IPANEMA;36950000
MG;DORES DE CAMPOS;36213000
RS;CACAPAVA DO SUL;96570000
RS;SANTO ANTONIO DA PATRULHA;95500000
PR;JANDAIA DO SUL;86900000
RJ;AVELAR;26980000
BA;MONTE SANTO;48800000
PE;PAUDALHO;55825000
PE;RIBEIRAO;55520000
BA;UBAIRA;45310000
MG;BERILO;39640000
RJ;SAO FIDELIS;28400000
RS;BOQUEIRAO DO LEAO;95920000
MG;JAIBA;39508000
RS;CRUZ ALTA;98005150
SP;ARIRANHA;15960000
AL;CANAPI;57530000
CE;MARACANAU;61905070
MG;PASSA QUATRO;37460000
PR;QUATRO BARRAS;83420000
PR;CRUZ MACHADO;84620000
MG;COMERCINHO;39628000
CE;NOVA RUSSAS;62200000
SP;LAVINIA;16850000
SP;LINDOIA;13950000
MG;PIRANGUINHO;37508000
ES;ICONHA;29280000
PR;TERRA ROXA;85990000
MT;PARANAITA;78590000
SC;PAPANDUVA;89370000
SP;APIAI;18320000
GO;SERRANOPOLIS;75820000
SP;CEDRAL;15895000
RN;PAU DOS FERROS;59900000
SP;JACUPIRANGA;11940000
SP;PARANAPANEMA;18720000
MG;ITAMBACURI;39830000
MG;MONTE BELO;37115000
MG;LAGAMAR;38785000
MS;BATAIPORA;79760000
SC;ANTONIO CARLOS;88180000
RS;TAVARES;96290000
RS;IRAI;98460000
SP;CAFELANDIA;16500000
MG;ARAPORA;38465000
RS;DOM FELICIANO;96190000
SP;ITIRAPINA;13530000
RJ;ITALVA;28250000
BA;CAPIM GROSSO;44695000
BA;COCOS;47680000
PR;NOVA SANTA ROSA;85930000
PR;MANGUEIRINHA;85540000
SC;CAMPO ALEGRE;89294000
MG;SABINOPOLIS;39750000
MG;PORTEIRINHA;39520000
MG;ARICANDUVA;39678000
MG;SAO JOSE DO MANTIMENTO;36990000
SP;SANTA BRANCA;12380000
SP;PALMARES PAULISTA;15828000
